{
    "num_clusters": 14,
    "clusters": [
        [
            24.56030366229839,
            14.0,
            2.975547817629554,
            3.4359,
            0.0,
            -17.1795,
            -3.4359
        ],
        [
            329.0261535416029,
            50.0,
            3.435842000535683,
            5.951175886767669,
            8.589759,
            15.461557999999995,
            -29.20514
        ],
        [
            24.560303662298395,
            14.0,
            2.9755354457694874,
            3.4359285714285743,
            0.0,
            -13.743628571428575,
            17.1795
        ],
        [
            38.941316706173644,
            16.0,
            2.673538126795593,
            4.985571113767177,
            -0.64423125,
            -3.221156250000001,
            -3.221156250000001
        ],
        [
            18.821958571735962,
            13.0,
            2.831202425364103,
            3.4460480318490423,
            -5.153850000000001,
            15.461561538461536,
            12.289969230769232
        ],
        [
            78.72057609040567,
            21.0,
            2.751209319312776,
            5.842202557447395,
            -1.0634928571428572,
            14.643500000000001,
            4.499392857142858
        ],
        [
            24.56073246449416,
            14.0,
            2.9755849327468025,
            3.4359142857142846,
            -6.8718,
            -10.307714285714285,
            6.8718
        ],
        [
            106.79881596917552,
            24.0,
            1.71795000024759,
            5.432654670525641,
            0.0,
            -12.025670833333336,
            5.153849999999999
        ],
        [
            24.56073246449416,
            14.0,
            2.9755849327468025,
            3.4359142857142846,
            -6.8718,
            -10.307714285714285,
            6.8718
        ],
        [
            106.79881596917552,
            24.0,
            1.71795000024759,
            5.432654670525641,
            0.0,
            -12.025670833333336,
            5.153849999999999
        ],
        [
            18.822119259802328,
            13.0,
            2.8312370734373196,
            3.4460515713703974,
            0.0,
            3.4358999999999997,
            10.572015384615385
        ],
        [
            24.56073246449418,
            14.0,
            2.9755849327468034,
            3.4359142857142864,
            0.0,
            3.4359,
            10.307714285714287
        ],
        [
            18.821958571735962,
            13.0,
            2.831202425364103,
            3.4460480318490423,
            -5.153850000000001,
            15.461561538461536,
            12.289969230769232
        ],
        [
            78.72057609040567,
            21.0,
            2.751209319312776,
            5.842202557447395,
            -1.0634928571428572,
            14.643500000000001,
            4.499392857142858
        ]
    ]
}