{
    "num_clusters": 6,
    "clusters": [
        [
            329.0261535416029,
            50.0,
            3.435842000535683,
            5.951175886767669,
            8.589759,
            15.461557999999995,
            -29.20514
        ],
        [
            333.5963308588474,
            49.0,
            1.2425347253022114,
            11.24027777194677,
            -0.5609632653061223,
            0.9115653061224491,
            2.804820408163265
        ],
        [
            245.49718746915804,
            38.0,
            1.2097325491233943,
            7.925939173780053,
            -2.531715789473684,
            -11.392739473684216,
            5.7867789473684255
        ],
        [
            200.27364372860262,
            34.0,
            1.5225657577496323,
            8.388898222330086,
            -2.627452941176471,
            14.956288235294119,
            7.478142647058824
        ],
        [
            24.56030366229839,
            14.0,
            2.975547817629554,
            3.4359,
            0.0,
            -17.1795,
            -3.4359
        ],
        [
            24.560303662298395,
            14.0,
            2.9755354457694874,
            3.4359285714285743,
            0.0,
            -13.743628571428575,
            17.1795
        ]
    ]
}