{
    "sm_mesh_training": [
        24.56044659573848,
        76.23526009172639,
        131.68071337363034,
        168.54190164595516,
        198.81834310004766,
        227.86133298617443,
        267.1816660043759,
        294.8663487062552,
        324.63560598437545,
        341.47285073857637,
        357.42446256204266,
        380.65801449085706,
        393.01619673390815,
        415.8951173071334,
        433.5274115362377,
        458.5538871789111,
        479.2073931156919
    ],
    "vacancias": [
        1,
        2,
        3,
        4,
        5,
        6,
        7,
        8,
        9,
        10,
        11,
        12,
        13,
        14,
        15,
        16,
        17
    ],
    "vecinos": [
        14,
        22,
        32,
        35,
        37,
        41,
        48,
        51,
        56,
        58,
        60,
        63,
        64,
        68,
        71,
        75,
        78
    ],
    "max_distancias": [
        29.30608356906446,
        29.14710423930056,
        29.050248508585877,
        30.22242322610111,
        28.68630603827856,
        28.287160614163188,
        28.26314278416041,
        29.1426463322563,
        28.500175498593762,
        28.971965790193458,
        28.07203548347651,
        27.540463807257716,
        27.74943247737526,
        27.616417107360938,
        28.219445290670457,
        43.55248043121481,
        43.490794077856236
    ],
    "min_distancias": [
        13.743600000007424,
        14.160550100585729,
        14.659703542011284,
        11.802247469559273,
        13.332303920437456,
        13.753448057513909,
        13.973153505745586,
        13.105391722925877,
        14.024581850499443,
        13.533423738803195,
        14.422101411660872,
        14.9305275891158,
        14.719014709217417,
        14.889506658651657,
        14.197663930392245,
        15.033189882637995,
        15.46671703249686
    ]
}